filename, RB, RL, RR, healthy
RR16_png.rf.02e285098b7dc8f6229bb93f9808ab93.jpg, 0, 0, 1, 0
RR-3_png.rf.0293e7871d4f3cbdcdf49dd3965757eb.jpg, 0, 0, 1, 0
RR46_png.rf.024e1c17aab7eac08099854196a5d4aa.jpg, 0, 0, 1, 0
healthy10_png.rf.0297e01c6ccc574d15c62e87674121e1.jpg, 0, 0, 0, 1
RL38_png.rf.0364eb867c50f579026da7632b36050e.jpg, 0, 1, 0, 0
RB42_png.rf.06282eb01d74f05cd75068dc56970983.jpg, 1, 0, 0, 0
RB-1_png.rf.068726631929c76b2d90652614c8e093.jpg, 1, 0, 0, 0
RR29_png.rf.0559b354f6c2343b45acf289aef78551.jpg, 0, 0, 1, 0
RR43_png.rf.08a68733c59b041f8ec100d9068802f6.jpg, 0, 0, 1, 0
RB39_png.rf.044383b600b5a2856045e22ba33b3eb7.jpg, 1, 0, 0, 0
healthy30_png.rf.0c9d8e83563b17867fdc627d936a9a65.jpg, 0, 0, 0, 1
RL25_png.rf.122fc2b1e9e11681273741bace6525cb.jpg, 0, 1, 0, 0
RB-2_png.rf.0eee6af8e10b0e622e3caf44245da92c.jpg, 1, 0, 0, 0
RL47_png.rf.0f1c2d871a624fa355d3096ba35c7a2a.jpg, 0, 1, 0, 0
RR31_png.rf.06c7e7d3cfe34eaebdd5b3f5227bfac5.jpg, 0, 0, 1, 0
RL11_png.rf.09c643c9f12610a9a93743b96cb4e66a.jpg, 0, 1, 0, 0
RB38_png.rf.11f4541c54898daf52c453c921bd71cb.jpg, 1, 0, 0, 0
RL-1_png.rf.0940be202bf7f5c13333558c83dd99e7.jpg, 0, 1, 0, 0
RR17_png.rf.133810d75e36c90156713a3f0e14f800.jpg, 0, 0, 1, 0
RB25_png.rf.131f92bdaf976d113757e4137746e15d.jpg, 1, 0, 0, 0
RL26_png.rf.0752e59e3c2e78b2a5b5e4b364926601.jpg, 0, 1, 0, 0
healthy21_png.rf.0df7e45b5e14f75fd4479e9323074f5b.jpg, 0, 0, 0, 1
RL-2_png.rf.16299928e6fb357e8f8e15e1a8faf553.jpg, 0, 1, 0, 0
healthy43_png.rf.13cb97b6e91b692a15f9e9099ecaf5fe.jpg, 0, 0, 0, 1
RB48_png.rf.1391d9a18b977e2230518505c334a011.jpg, 1, 0, 0, 0
RB-9_png.rf.0f34187e589c0aab41f3379c44fee0e2.jpg, 1, 0, 0, 0
RB41_png.rf.166fe345ede099933e9cecc285175338.jpg, 1, 0, 0, 0
RR32_png.rf.11a97e9a43ac2e021569578a196561ba.jpg, 0, 0, 1, 0
RL43_png.rf.05532e3bd55bf281c87ef490fa910cd4.jpg, 0, 1, 0, 0
healthy38_png.rf.16d6a12141ddbf1ac3486db5d30dd924.jpg, 0, 0, 0, 1
RR11_png.rf.1b176ca7b45cb77cfd58f44e62986a5a.jpg, 0, 0, 1, 0
RL34_png.rf.17b08bb6f885a889974007dc449d2b91.jpg, 0, 1, 0, 0
RL20_png.rf.19dd4fb64c313aa36312098bf5bb5fcf.jpg, 0, 1, 0, 0
RR12_png.rf.1ffac151dbe2d3a01c9772c5c536d3db.jpg, 0, 0, 1, 0
RB49_png.rf.162c35fa1b72fb20f81fe4deb082db4e.jpg, 1, 0, 0, 0
healthy39_png.rf.1d5555368d56c3c7087ce0098823483a.jpg, 0, 0, 0, 1
RB45_png.rf.1e3645919c825bbbc2cd94d5d32b6d97.jpg, 1, 0, 0, 0
healthy-2_png.rf.1ab43a17b90e498dd0b6e005b2e0bd91.jpg, 0, 0, 0, 1
healthy21_png.rf.172d05d08c1abb48b2e8adb166edeea1.jpg, 0, 0, 0, 1
RL23_png.rf.2019e90d6ff25a6a3d0028dd4b11bd0f.jpg, 0, 1, 0, 0
RR10_png.rf.1eac104117472c53642525780c18d092.jpg, 0, 0, 1, 0
RR16_png.rf.16dfa86527913754f3dbfcd8833fa2fe.jpg, 0, 0, 1, 0
RR12_png.rf.178cadf963a48d0393951b55dbcd7d1a.jpg, 0, 0, 1, 0
RR43_png.rf.20060ac750037341c19394c38eea446a.jpg, 0, 0, 1, 0
RL-2_png.rf.1e5dff4e44a5fccf1e8e9f663975b333.jpg, 0, 1, 0, 0
healthy30_png.rf.2222c5d26ba149e60e72e54336d484a9.jpg, 0, 0, 0, 1
RR31_png.rf.200b681ea4c2d7ceccd7222ec00f20e1.jpg, 0, 0, 1, 0
RB10_png.rf.1d2873855b8d79c5b7fa903bc563205f.jpg, 1, 0, 0, 0
healthy39_png.rf.27e186e41e2f110a0419a15cb7d1a474.jpg, 0, 0, 0, 1
RR29_png.rf.2521dc8fc5766ca19b3c6a785df7c7a5.jpg, 0, 0, 1, 0
RR34_png.rf.226f561fe1e0f67b8eab9439e191d0b3.jpg, 0, 0, 1, 0
RR30_png.rf.20d8a2e95b09c04990aa4cc9ecc650fd.jpg, 0, 0, 1, 0
RB28_png.rf.291b307bf79698f3a706b11b56415c0e.jpg, 1, 0, 0, 0
RR32_png.rf.2e69e5dfde446b57d718d400953413f2.jpg, 0, 0, 1, 0
RB48_png.rf.2e74e29790c8c81f6a7b510ef2d22fb7.jpg, 1, 0, 0, 0
healthy38_png.rf.1a970db3f95072e283ca7591467e1160.jpg, 0, 0, 0, 1
RB37_png.rf.1aba955a39adc852489ffcba828cdee2.jpg, 1, 0, 0, 0
RB20_png.rf.24376e758816409a3cad34ec755be3de.jpg, 1, 0, 0, 0
healthy35_png.rf.235c17646f32293aba006e7c83d541b9.jpg, 0, 0, 0, 1
healthy34_png.rf.229a7cb4d5d16222deff1ce1ca521f90.jpg, 0, 0, 0, 1
RL13_png.rf.2a9b96371f0d00daab6dfb1a96a28fd6.jpg, 0, 1, 0, 0
RL42_png.rf.2d699c4ac43f84660aa335417c9287c6.jpg, 0, 1, 0, 0
RL44_png.rf.0f44d317864f2127381ebe5cb616fadb.jpg, 0, 1, 0, 0
RB39_png.rf.2c447fce301923e0abff681b86e3e7ef.jpg, 1, 0, 0, 0
RL26_png.rf.2f43ea5e522217503660734070450aa1.jpg, 0, 1, 0, 0
RL10_png.rf.293b15ee9b79f95405bbd2463d0b6cc0.jpg, 0, 1, 0, 0
healthy37_png.rf.2c1d63cf7079408a2c6802461da1cb7a.jpg, 0, 0, 0, 1
RB38_png.rf.29c1c74fff9d3f0dc3f0f2628df63cf0.jpg, 1, 0, 0, 0
RL-3_png.rf.298c669a28a7fa842aa40e5f10349b06.jpg, 0, 1, 0, 0
RL48_png.rf.2ec3148039a28a8cf00947d8ede08dce.jpg, 0, 1, 0, 0
RR28_png.rf.334a6b63f1d46e2778169ae10367489e.jpg, 0, 0, 1, 0
RR25_png.rf.2f8bbe3495107989aca521a05f908275.jpg, 0, 0, 1, 0
RR47_png.rf.2f9d0ceae7b12af50dcfb9f3d7b7d863.jpg, 0, 0, 1, 0
RL-3_png.rf.30c21a28946d1622f90cd9649f0e544c.jpg, 0, 1, 0, 0
RL20_png.rf.31db7d51ffb208d82d04dd063a89df31.jpg, 0, 1, 0, 0
RR15_png.rf.3838ce8da10d1b2ce4ad813b73d4c305.jpg, 0, 0, 1, 0
RL-9_png.rf.3076cc747fcb27605a1eacb2156e7eef.jpg, 0, 1, 0, 0
RB15_png.rf.3263a2d84fb37d5ab49b97ea62a11b70.jpg, 1, 0, 0, 0
RR21_png.rf.3c95ad13c262d2a184d4cad62e121353.jpg, 0, 0, 1, 0
healthy35_png.rf.3a00a67ae30320801bddce90130a02e7.jpg, 0, 0, 0, 1
healthy44_png.rf.3a431aa421b65b6432f3b8109d19db6c.jpg, 0, 0, 0, 1
healthy18_png.rf.4256c8f166cdfd47bb3083d7ba19e940.jpg, 0, 0, 0, 1
RL-6_png.rf.3a7806bb759ea59ab1d1e2f89a6d78f8.jpg, 0, 1, 0, 0
RR28_png.rf.365a7b340cd9b2fdb31ad34cd7f2031c.jpg, 0, 0, 1, 0
RB37_png.rf.3ae10ee6022ce050b2792bd5f596972e.jpg, 1, 0, 0, 0
RR-4_png.rf.4169f648df48d4d4b387c04f56447042.jpg, 0, 0, 1, 0
RB43_png.rf.42362882a3b6e03f2ddf1d048d358b78.jpg, 1, 0, 0, 0
RB-2_png.rf.4328313e950746400800275630f63715.jpg, 1, 0, 0, 0
healthy34_png.rf.4272a34ba2aaa5511c369b55f23b80f0.jpg, 0, 0, 0, 1
healthy19_png.rf.316c6f25f0d42c4a4696150390f3475f.jpg, 0, 0, 0, 1
RB30_png.rf.418dac2dcedc55e59dfef73ee71d8457.jpg, 1, 0, 0, 0
RB25_png.rf.3b104a14de4b7f44c4950e86bcc92298.jpg, 1, 0, 0, 0
healthy31_png.rf.38c5d2d751fd0b7629c9bc079a241063.jpg, 0, 0, 0, 1
healthy18_png.rf.430e5c8c2dab2173c93c286539cb75d8.jpg, 0, 0, 0, 1
RR26_png.rf.43d60e124b28fa4926482d9448f8a3e4.jpg, 0, 0, 1, 0
RR-3_png.rf.3e8abc7af6f2e7331981750a6881e267.jpg, 0, 0, 1, 0
RB-5_png.rf.4729b40b95b3d48afec9dd45bbeea2b4.jpg, 1, 0, 0, 0
RR19_png.rf.40a27999cdf5e0a061018daff82e9018.jpg, 0, 0, 1, 0
RR26_png.rf.49138b742596db01e676140f6110a575.jpg, 0, 0, 1, 0
RL12_png.rf.4bd64d33cb63faaf8d5ff3c897c95265.jpg, 0, 1, 0, 0
healthy-4_png.rf.4281964de640c774aa643e34193de1a7.jpg, 0, 0, 0, 1
RB-1_png.rf.4a5d6bd9f6db915a298ea4ab2f2e2e42.jpg, 1, 0, 0, 0
RR45_png.rf.3c9ea3af7365c07548402c03ac6d1d96.jpg, 0, 0, 1, 0
RB48_png.rf.4715c3997a92cd297b0a22bba736ec69.jpg, 1, 0, 0, 0
healthy50_png.rf.4a2bbe2ddf8427824f54c7bcc191506b.jpg, 0, 0, 0, 1
RL28_png.rf.4e500bd8d19129562549257b2258ccf2.jpg, 0, 1, 0, 0
RR40_png.rf.4c1371f83c322c2748d036b63a70ce5e.jpg, 0, 0, 1, 0
healthy44_png.rf.4cb83d1f2b8e09a7eeea97f02b3790aa.jpg, 0, 0, 0, 1
healthy45_png.rf.4dc7314c3e1d7a86cf141ff0e1196c1e.jpg, 0, 0, 0, 1
RB-2_png.rf.4b6f88fddc51d413df4ddcc8aa9ba901.jpg, 1, 0, 0, 0
RL21_png.rf.4c5f7acf47715db587d9da0c181b3582.jpg, 0, 1, 0, 0
RL23_png.rf.5384c824009f880ec44a91cf08572ae1.jpg, 0, 1, 0, 0
RB20_png.rf.524b4b2f086cf5845be979f2bbe0b782.jpg, 1, 0, 0, 0
RL38_png.rf.4ebdef7c869d926a80603550ef9225eb.jpg, 0, 1, 0, 0
RR11_png.rf.558af8557101497b1e730e712f91031a.jpg, 0, 0, 1, 0
RR10_png.rf.4cc027463f824ab2dac90ddd4f085e59.jpg, 0, 0, 1, 0
RL-7_png.rf.509a8616f0d6a996937c2d6947dfed4f.jpg, 0, 1, 0, 0
RR24_png.rf.47b4ad42c357b3074a6db32df16a6e19.jpg, 0, 0, 1, 0
RL47_png.rf.503c27750ba14333eba5204a5df4bc1c.jpg, 0, 1, 0, 0
RB35_png.rf.4f72e3ca560e286b3c51a0f5d0535292.jpg, 1, 0, 0, 0
RR19_png.rf.43d5462aeae981694052dc9d72281178.jpg, 0, 0, 1, 0
RB-1_png.rf.5667a5ac2c2a169191d1c3d0384f98a1.jpg, 1, 0, 0, 0
RR46_png.rf.58abce8a1bac7c04f2904c0181c9cb8d.jpg, 0, 0, 1, 0
RL10_png.rf.50282122b6051ef98cccdbb68378dfe4.jpg, 0, 1, 0, 0
healthy29_png.rf.51fc2c51e24f203fcf6fdf1f10eb2af8.jpg, 0, 0, 0, 1
RB23_png.rf.55aef38387cd16fddbdd79455265dda7.jpg, 1, 0, 0, 0
RL-1_png.rf.550b61b120a3262d993ca8be1caa70f0.jpg, 0, 1, 0, 0
RB-7_png.rf.574ba84518490df1ee47df424b9ea2b4.jpg, 1, 0, 0, 0
RL19_png.rf.56a141c4dc348761ccb835902aafe879.jpg, 0, 1, 0, 0
RL19_png.rf.571044231657edf00be260eb98e99b37.jpg, 0, 1, 0, 0
RL50_png.rf.5aae1e2eac7ae2061159c98b08ed6f31.jpg, 0, 1, 0, 0
healthy26_png.rf.5c636563927fc4d71ab053b6b1d725c4.jpg, 0, 0, 0, 1
healthy14_png.rf.5d4066e01810bc58f1c3b97d2171d59e.jpg, 0, 0, 0, 1
RB39_png.rf.5b9c835535d14762d1797220f0d91221.jpg, 1, 0, 0, 0
RL-1_png.rf.4d2df2ac25f8de9d170353628a697e3a.jpg, 0, 1, 0, 0
RB42_png.rf.5e84207d5764f6ca82d978c4f29f84b4.jpg, 1, 0, 0, 0
RR40_png.rf.4f88eb256866c633a2dd8efcd241588a.jpg, 0, 0, 1, 0
RL48_png.rf.59e8211a2578c891d421901688a5d868.jpg, 0, 1, 0, 0
RL10_png.rf.5ee060c5ac64852d44e23b8bdd398882.jpg, 0, 1, 0, 0
healthy16_png.rf.5eb77d9a9c45917d6c0a24fa7d6c4392.jpg, 0, 0, 0, 1
RL19_png.rf.4db2c4f4c4ae8251d8cff48c373b1f75.jpg, 0, 1, 0, 0
RR17_png.rf.495c84e474e4484eab34a51c92152f73.jpg, 0, 0, 1, 0
RR35_png.rf.5fc8be8cffabc7184ba7f4c6121ae350.jpg, 0, 0, 1, 0
RR27_png.rf.5dc643f7eca505ca4659941f7655fdec.jpg, 0, 0, 1, 0
RL-8_png.rf.613dd091e7622fda70aaf534544f8b9e.jpg, 0, 1, 0, 0
RR42_png.rf.612d4fd54bbb9bc327d08691299b2bcd.jpg, 0, 0, 1, 0
healthy36_png.rf.5ee10a54267818be44f39d7f08436b88.jpg, 0, 0, 0, 1
RB12_png.rf.5b53e7b1699211fe24522350d010a0d1.jpg, 1, 0, 0, 0
healthy-2_png.rf.617c78e97964221db47a4c9f0d8d8a42.jpg, 0, 0, 0, 1
RL-2_png.rf.60ffcf8c6414f41105cdff4d7cbe7a74.jpg, 0, 1, 0, 0
RB31_png.rf.5ffced2d204b6b0034c9dce2753fea57.jpg, 1, 0, 0, 0
healthy22_png.rf.622906238605a549daa7d5b011f9c4cc.jpg, 0, 0, 0, 1
RL-3_png.rf.6034caeb8383b71e8b9c841208c41a78.jpg, 0, 1, 0, 0
RL43_png.rf.64c698fafd71f817d06bdf201195724b.jpg, 0, 1, 0, 0
RB42_png.rf.62e37c0d13f12a19863bb3a10ba35a54.jpg, 1, 0, 0, 0
RB-5_png.rf.62518c9199092a3c45e1aec151b783b6.jpg, 1, 0, 0, 0
healthy43_png.rf.64e6adc42e545f2f9e2013f38d29f7fc.jpg, 0, 0, 0, 1
RR41_png.rf.6859c92a203a2780cab56223a8ed8fea.jpg, 0, 0, 1, 0
RR46_png.rf.6b2d1e4886674789f3bcd4f772b01814.jpg, 0, 0, 1, 0
RL-8_png.rf.623e58632c7cc22af3f0d73108eac043.jpg, 0, 1, 0, 0
healthy48_png.rf.644b16a4f357d0cf9f77806ed2d70a74.jpg, 0, 0, 0, 1
healthy35_png.rf.6e07899d4731a80a50569fad36473de1.jpg, 0, 0, 0, 1
RB12_png.rf.63ef08c414236901fa3a97188f0c6c61.jpg, 1, 0, 0, 0
RL13_png.rf.6440f30ff0f6705eef2d2f84b21532c1.jpg, 0, 1, 0, 0
RR24_png.rf.6ca2daae086aac7077408df2b8a48fee.jpg, 0, 0, 1, 0
RB19_png.rf.6d83c1aac631d5dba1a9eac871a2b21b.jpg, 1, 0, 0, 0
RB22_png.rf.6e42af2e96e012bc4084e7ed4b1c27ec.jpg, 1, 0, 0, 0
RR50_png.rf.5bfbd9afb176381b3204b556d2d53e4f.jpg, 0, 0, 1, 0
RL16_png.rf.603177e529f2cb31e9a84fea46e25e18.jpg, 0, 1, 0, 0
RB46_png.rf.6b77cdfc296d4489b0e232390d69c0e5.jpg, 1, 0, 0, 0
RR-8_png.rf.686913981e3d4b9b94f4646939dceda3.jpg, 0, 0, 1, 0
healthy31_png.rf.681a12d543169f764e205327f39a769d.jpg, 0, 0, 0, 1
RB12_png.rf.6dc8b993391eeec3d5f6a380200c5a23.jpg, 1, 0, 0, 0
RL12_png.rf.7329b7fedab703f654fd955c09dd7321.jpg, 0, 1, 0, 0
RL27_png.rf.7108af67047681b2db0446e3d83cc56a.jpg, 0, 1, 0, 0
RB28_png.rf.6c9e6b6a12d9130c4e3cdfea9703550a.jpg, 1, 0, 0, 0
RR42_png.rf.6811a43f5b48db740d9d49f335f239a8.jpg, 0, 0, 1, 0
RL-9_png.rf.69416e5e79499331d37b14354acdea2e.jpg, 0, 1, 0, 0
RB-7_png.rf.6679f134279f95d9e631b893551581cb.jpg, 1, 0, 0, 0
RB-8_png.rf.6ebdb8d8bf1ce8261612403fd03a8e7a.jpg, 1, 0, 0, 0
healthy25_png.rf.7442621101fdbe7fa4311a795b77a44e.jpg, 0, 0, 0, 1
healthy27_png.rf.6f781ef6b24537b910d1f43a471204a5.jpg, 0, 0, 0, 1
RB22_png.rf.67ba2d2ae4af62232826065e51cc263e.jpg, 1, 0, 0, 0
RB11_png.rf.7060a90560e6460fed966d01580d9b88.jpg, 1, 0, 0, 0
RL50_png.rf.73e71a48709e807a52385c3f492bd807.jpg, 0, 1, 0, 0
healthy-4_png.rf.78d618317d3c7c6e5ef527456598d252.jpg, 0, 0, 0, 1
healthy49_png.rf.77a04cf4e27edc9065b4b1fb835ca8f2.jpg, 0, 0, 0, 1
healthy22_png.rf.79774b8b5d9254b5969318624a226b3b.jpg, 0, 0, 0, 1
RR23_png.rf.767a5df23e89e504dccb4a0373bcf128.jpg, 0, 0, 1, 0
RR-5_png.rf.784debaa772506bf492662af81f65ac2.jpg, 0, 0, 1, 0
healthy44_png.rf.78ae13dd7941e3d56ccf147563d2e3b0.jpg, 0, 0, 0, 1
RL-9_png.rf.7b349cfb246a362e014ad6ba668d4093.jpg, 0, 1, 0, 0
healthy31_png.rf.7105d66b1606f049857f4f2a9a83b128.jpg, 0, 0, 0, 1
RB46_png.rf.775be3d4200ff6828a487812382f0f58.jpg, 1, 0, 0, 0
RR44_png.rf.78f643dfda06d854bc474b5299b7a6b5.jpg, 0, 0, 1, 0
RL32_png.rf.7b149d5b174aef0b79511832739e2cd3.jpg, 0, 1, 0, 0
RR-8_png.rf.74334c12a48af4a647096410cea0e1ee.jpg, 0, 0, 1, 0
RB38_png.rf.7bfaa1d9ceba10af9dbd493ab9e280d7.jpg, 1, 0, 0, 0
RR32_png.rf.7e7350da86f3abe747d777dd809a0c2c.jpg, 0, 0, 1, 0
RR25_png.rf.79850fe0bb6ed0aefd84f67cdd7e360d.jpg, 0, 0, 1, 0
RR11_png.rf.7ae3512b9439811f6348808b8a9855a8.jpg, 0, 0, 1, 0
RR41_png.rf.7fcac09f7ebd6bacb4c8ba79b12674f2.jpg, 0, 0, 1, 0
RB37_png.rf.75dc76a7fe2c092504e44adf4827abee.jpg, 1, 0, 0, 0
RL36_png.rf.7c0220091863433ad56bfc3fa27a00f9.jpg, 0, 1, 0, 0
RB45_png.rf.78eb04fb1af338db26a1df5c8bfe9d90.jpg, 1, 0, 0, 0
healthy27_png.rf.7e7e5c1886259e2e998f4ba182f4ec99.jpg, 0, 0, 0, 1
RB16_png.rf.7fc2919f82b80e535ef2b698a82e21d6.jpg, 1, 0, 0, 0
RL32_png.rf.7c8f612cf64aa3ad1a8b0ee45de0cd96.jpg, 0, 1, 0, 0
RB41_png.rf.83dec860006728891214b1cb58de1213.jpg, 1, 0, 0, 0
RR-2_png.rf.84b75100280335b5685b0e4db52ff752.jpg, 0, 0, 1, 0
healthy34_png.rf.80cbb8a4a801fbe71423e2fceb9057b5.jpg, 0, 0, 0, 1
RL-4_png.rf.85839bca168b63b8c56e55fa5a893926.jpg, 0, 1, 0, 0
healthy45_png.rf.7ba640684fbf7c29dfff37e936d04bfe.jpg, 0, 0, 0, 1
RB13_png.rf.84d4ab5dca7c12218e720e6b1fb1f2ab.jpg, 1, 0, 0, 0
RL11_png.rf.82ea3e514f3485cd34ad106f7ab50ffb.jpg, 0, 1, 0, 0
healthy37_png.rf.84dac5a20dda544ff317ff82d279deb7.jpg, 0, 0, 0, 1
RR12_png.rf.7fce1c370eb272ffcee8ed7292180382.jpg, 0, 0, 1, 0
RB11_png.rf.85807907be04b92d93a6152bea935b4d.jpg, 1, 0, 0, 0
healthy45_png.rf.7f4ebac6dcfc824028e86922213c3215.jpg, 0, 0, 0, 1
RL13_png.rf.7e6ea267fb4315957f6b6d79d4561798.jpg, 0, 1, 0, 0
RB19_png.rf.75671cc502c5750387d287a42345a21b.jpg, 1, 0, 0, 0
RL11_png.rf.863ea30b7d537788a8971ab30b70257f.jpg, 0, 1, 0, 0
RR42_png.rf.869857c2510e9bf8466cbb7b9129ac63.jpg, 0, 0, 1, 0
RL21_png.rf.8274d691399ec225730b7c526e414657.jpg, 0, 1, 0, 0
RB24_png.rf.83672a84b982e8150fda15076ec2eb7e.jpg, 1, 0, 0, 0
RL21_png.rf.85879bb87866773f3da373eaf4734c3b.jpg, 0, 1, 0, 0
healthy50_png.rf.870dafca75d9f4b312a9ff575a96fd47.jpg, 0, 0, 0, 1
healthy26_png.rf.871f3b9c1667c12bbb1ad46bf447776a.jpg, 0, 0, 0, 1
healthy37_png.rf.84cdcc5f20e04195c2057c6c1713f586.jpg, 0, 0, 0, 1
RB43_png.rf.871f936f1df7459e162a306d29107b7e.jpg, 1, 0, 0, 0
RB36_png.rf.913c0e92adbc82ed317b7ee0a2532ac4.jpg, 1, 0, 0, 0
RR-8_png.rf.934eabf2bf557c8c3cbae3974c009c04.jpg, 0, 0, 1, 0
healthy20_png.rf.8a1c80baa21296096ef0c3d7faaa15f7.jpg, 0, 0, 0, 1
RR29_png.rf.8caa597aaf006bd11bd857870c9f733e.jpg, 0, 0, 1, 0
RR-4_png.rf.9498628a405d0c7b1f430ca4aa7c4f63.jpg, 0, 0, 1, 0
RR-5_png.rf.96b04aeb8146646c9c9e6cc922cc9c07.jpg, 0, 0, 1, 0
RR15_png.rf.9236a09a1d9f467e77fb4bffd06e3973.jpg, 0, 0, 1, 0
RR-3_png.rf.91af068ab5d5aedb2857f656d28959fe.jpg, 0, 0, 1, 0
healthy14_png.rf.94c32421275354a9506b49d3ff646dac.jpg, 0, 0, 0, 1
healthy38_png.rf.8ec65901fa751a54a22b4789648bdd3a.jpg, 0, 0, 0, 1
RR35_png.rf.946b0620f72c4bbdee90af7491eabe70.jpg, 0, 0, 1, 0
healthy-6_png.rf.8da75da8de582ce16c6ca19b6f804e15.jpg, 0, 0, 0, 1
RL41_png.rf.93e90cf0667997821eafefbc5e7aaf71.jpg, 0, 1, 0, 0
healthy-6_png.rf.8827d28c935a92a152e52dd23e7e58d6.jpg, 0, 0, 0, 1
RB43_png.rf.8cc9c39c2373013150a256bebc4e8738.jpg, 1, 0, 0, 0
RL16_png.rf.8eab01b8fb107d677b558edc8455e193.jpg, 0, 1, 0, 0
healthy-6_png.rf.8d0482881209642b34ada6593fedcfe6.jpg, 0, 0, 0, 1
healthy-9_png.rf.8922d3621253d6d2fd05ff03d4c47cdb.jpg, 0, 0, 0, 1
RB-5_png.rf.926161f669a61dfb980f9220810e8309.jpg, 1, 0, 0, 0
RR40_png.rf.8855814d033be054a94fbff762342e71.jpg, 0, 0, 1, 0
RL12_png.rf.87a0b7979991eace65a6cb5e01102a5d.jpg, 0, 1, 0, 0
healthy27_png.rf.8d7272b0436f1779d4a3b125ccf0644a.jpg, 0, 0, 0, 1
RL28_png.rf.930575db669b1a9f0734cc558cc0993e.jpg, 0, 1, 0, 0
healthy10_png.rf.95f2c9e946bd2616cf3c7aa45faa74b8.jpg, 0, 0, 0, 1
RR-6_png.rf.9db275d800aa3616de898ccb4fb8e4e1.jpg, 0, 0, 1, 0
RR-5_png.rf.9fc037813c31fb48a64968ca28fdab52.jpg, 0, 0, 1, 0
RR-6_png.rf.98e815dd415858a920511af8dd1763b4.jpg, 0, 0, 1, 0
RR26_png.rf.92bb88afcb4dc293107f535737de4eb1.jpg, 0, 0, 1, 0
healthy16_png.rf.a1c59e2974586db64b9f27e9a7e10fc9.jpg, 0, 0, 0, 1
RL34_png.rf.99c2edd2886aacf9e9a907837256ad7b.jpg, 0, 1, 0, 0
RB31_png.rf.96f9db323ca9ae9ec4d578e02c807fd2.jpg, 1, 0, 0, 0
RR-2_png.rf.99ef3ad9d0b9820a4fdf477eac2a5620.jpg, 0, 0, 1, 0
RR19_png.rf.995d53bf061ac744bc3d277b18dd90b4.jpg, 0, 0, 1, 0
RL38_png.rf.a28c72a9252b7fd52ccf2f31a244970a.jpg, 0, 1, 0, 0
RR47_png.rf.a3e8d8ef0ae577435e9be4ce95d6acb4.jpg, 0, 0, 1, 0
RL41_png.rf.a2d85ebc0e60ba39d2895b1f8ebb7b14.jpg, 0, 1, 0, 0
RR44_png.rf.9a8c1311409c72ba7cc50d6b80af6408.jpg, 0, 0, 1, 0
healthy32_png.rf.9725b43207c9c27c611d9c7b47e6240e.jpg, 0, 0, 0, 1
RB-9_png.rf.a9c466e0e9c7d442b54eaed6f929256e.jpg, 1, 0, 0, 0
healthy32_png.rf.a063196363576e3863ea5d0e15f356d2.jpg, 0, 0, 0, 1
RL-8_png.rf.9c76330782adf57499fcd18e3555ff93.jpg, 0, 1, 0, 0
RB40_png.rf.a446a8ed58aba4135f250fae6ce422d6.jpg, 1, 0, 0, 0
healthy41_png.rf.a4f092a5c0940a98b0346b8e45cfc06f.jpg, 0, 0, 0, 1
RR30_png.rf.af1c17e6a263acdf368aa26aacd7c3bd.jpg, 0, 0, 1, 0
RR10_png.rf.a5c2de7b5c530f52639ed20b308b1552.jpg, 0, 0, 1, 0
RL25_png.rf.ae8958a36caf11d84e23887ec00a6e60.jpg, 0, 1, 0, 0
RB36_png.rf.a098ce4fb3786c6e9e4aca2882de7ec7.jpg, 1, 0, 0, 0
RR34_png.rf.b00c12ce3be82a81256a7af00ce0049a.jpg, 0, 0, 1, 0
RB30_png.rf.b3b39e79a6c71cd6030a1f6a8caf8f52.jpg, 1, 0, 0, 0
RL23_png.rf.af9e8a2c17a604601b590bbfe19d09e3.jpg, 0, 1, 0, 0
healthy29_png.rf.aad2bf482566b76ab13815b00bc3c4e7.jpg, 0, 0, 0, 1
RB-8_png.rf.b01149f38afe22379713d992285fefec.jpg, 1, 0, 0, 0
healthy15_png.rf.a9f61edda3567c2c29f36f44fc41d154.jpg, 0, 0, 0, 1
RR45_png.rf.b2dca6405a72cf74e73597d582f8ecd7.jpg, 0, 0, 1, 0
RB24_png.rf.b07f553afb03e39786ad58a016ad0559.jpg, 1, 0, 0, 0
RL36_png.rf.af997d56804aba7ad8c3288fceda876a.jpg, 0, 1, 0, 0
RB36_png.rf.b733a76c7ec2dbdd196254bfffe92a97.jpg, 1, 0, 0, 0
healthy22_png.rf.a9facffa037fc0f1a2da66e89d6f1342.jpg, 0, 0, 0, 1
healthy36_png.rf.a91ecf30dfdc35b5a8ad5ccfb8dfd94a.jpg, 0, 0, 0, 1
RR-9_png.rf.aa44d8093f4f2d8604eb598ea9ada003.jpg, 0, 0, 1, 0
RL34_png.rf.b16467aea0686bcfda692446a9a7f0f1.jpg, 0, 1, 0, 0
RR-4_png.rf.b259e855f7ca7ceb0d2187d41ff92d01.jpg, 0, 0, 1, 0
RB21_png.rf.b5aaae95d8fd18b3793e9e225aa43f38.jpg, 1, 0, 0, 0
healthy43_png.rf.b5509e42cb9e2fee3c2db846bb44ac23.jpg, 0, 0, 0, 1
RL42_png.rf.ae945630fbdf768c1743010fcdfc8f3b.jpg, 0, 1, 0, 0
RB40_png.rf.ba8688a9db23df132617f2c6585d41c4.jpg, 1, 0, 0, 0
healthy41_png.rf.b4f7e04b3c067cde72c4ba608dc07455.jpg, 0, 0, 0, 1
healthy41_png.rf.b76e30b15dcdff28020d21a834411051.jpg, 0, 0, 0, 1
RB11_png.rf.bcefac5540ab43dd0e2b08831de039b7.jpg, 1, 0, 0, 0
RL17_png.rf.b81be2ff01af76bee07d8bc07abf6b12.jpg, 0, 1, 0, 0
RB46_png.rf.b4688cd3bc185f7c07e5c77c7285ee20.jpg, 1, 0, 0, 0
RR21_png.rf.b8b4381c92f11d2ee557dee6af5546ec.jpg, 0, 0, 1, 0
RR27_png.rf.bb7d0b0efac09d3a9e564184d97fe8df.jpg, 0, 0, 1, 0
RB29_png.rf.bcced055b3bcdcb6ca0b232edd7a0343.jpg, 1, 0, 0, 0
RR41_png.rf.bcd362d76b379b95ea4bce788e08a37f.jpg, 0, 0, 1, 0
RB50_png.rf.bcd78a10f1caa04230dfa4ab3d26aedd.jpg, 1, 0, 0, 0
RR17_png.rf.c0317218750bd478780ecf5f50eb9409.jpg, 0, 0, 1, 0
RL48_png.rf.be5459b078c8faedcdff0a35f3dfa192.jpg, 0, 1, 0, 0
RB20_png.rf.bb429e5d4e18d9091f6f3110d70f1944.jpg, 1, 0, 0, 0
healthy10_png.rf.bd737190b969d9c87007aa828d5a8b1e.jpg, 0, 0, 0, 1
RR50_png.rf.c3f9413e187b484f27df312c0d8bf04c.jpg, 0, 0, 1, 0
RB50_png.rf.c00a0cd4af0ffc4e1d8f88aef0d6163f.jpg, 1, 0, 0, 0
RL-4_png.rf.99004d14d863d727cd5a24db3064102f.jpg, 0, 1, 0, 0
healthy18_png.rf.c25abdb8194051f6ed034adc622f111d.jpg, 0, 0, 0, 1
healthy15_png.rf.ba35bf293ca4f006a1c3ce5585f5c872.jpg, 0, 0, 0, 1
RL16_png.rf.c03257db2229c9a62c9e9819b02eb9a6.jpg, 0, 1, 0, 0
RB25_png.rf.c17f33a3b29297064b9a96ca7ba45291.jpg, 1, 0, 0, 0
healthy-9_png.rf.bfe9060eb6d53d6d56d4f34c09cb2350.jpg, 0, 0, 0, 1
RB15_png.rf.b2bc14e58605a9fb2d756919e97725e3.jpg, 1, 0, 0, 0
RL-6_png.rf.ca43ebfb4bb85836eefac474ef70bd5c.jpg, 0, 1, 0, 0
RL50_png.rf.c928f459454534c71b0c015b92811836.jpg, 0, 1, 0, 0
RB19_png.rf.c57f11c5bf9a09124fa003a983151974.jpg, 1, 0, 0, 0
RB16_png.rf.c56fa92012131e67bd1e49e4c595dee6.jpg, 1, 0, 0, 0
healthy19_png.rf.c1ecd595b5d9d1cf1985ff5e9136fc98.jpg, 0, 0, 0, 1
RR50_png.rf.bff150ce6ef82ad6a38eeb14e74ad208.jpg, 0, 0, 1, 0
RB23_png.rf.be39f23f6863ceccd22c4ab8c670eb8d.jpg, 1, 0, 0, 0
RL27_png.rf.c9629d28bfc062b2df85510f75e943f8.jpg, 0, 1, 0, 0
healthy26_png.rf.c76b8eeb2e2beb06b4028f5819817b4b.jpg, 0, 0, 0, 1
RB30_png.rf.cc23cccae975bbc68206908e19a3f625.jpg, 1, 0, 0, 0
RB10_png.rf.c621eb8ed0214d8a3f11354ad0600cb4.jpg, 1, 0, 0, 0
healthy25_png.rf.cd33d9f0d813236d9c00ffff6990fde5.jpg, 0, 0, 0, 1
healthy-9_png.rf.cbb2edf01e2704f2f51a826f4142797a.jpg, 0, 0, 0, 1
RR47_png.rf.ce57fbd74cab7603436a2c14c040ac61.jpg, 0, 0, 1, 0
healthy48_png.rf.c8bc22d8548c82e52530f8382b1db672.jpg, 0, 0, 0, 1
RL44_png.rf.ca17e296afdf4bb0742a0bd809e6b079.jpg, 0, 1, 0, 0
healthy36_png.rf.cee6f7a365660e2147a6d5d756a102e4.jpg, 0, 0, 0, 1
healthy19_png.rf.cd2b840ff28c1742530ec7a1eb4719fc.jpg, 0, 0, 0, 1
RR15_png.rf.cdc77543cd9cc5f04615f7e0b4cbc647.jpg, 0, 0, 1, 0
RB40_png.rf.d39e80543c82c7062bc3211c1b3a04c8.jpg, 1, 0, 0, 0
RR-9_png.rf.cc6ca5b039ae1fd5f494132b1caf5339.jpg, 0, 0, 1, 0
RR28_png.rf.d024eb36ac2fd83a0d8e6b2c7f29b567.jpg, 0, 0, 1, 0
RR24_png.rf.d1802db4915bac94bfc32214ec01711c.jpg, 0, 0, 1, 0
RR21_png.rf.ce0c5fe72c8d6843f986b8f6f8dacc3f.jpg, 0, 0, 1, 0
RL32_png.rf.c5cf7e80bbe18a93444bee83f2d67bb2.jpg, 0, 1, 0, 0
RR45_png.rf.c6e466121d7e38ad0357ac7e3be5c3ca.jpg, 0, 0, 1, 0
RL43_png.rf.c77179d2a01f9ff28408e3766e861c79.jpg, 0, 1, 0, 0
healthy16_png.rf.d1851c58c8e09bc34e3629edfe3c6397.jpg, 0, 0, 0, 1
RL17_png.rf.d0d1870c2c21129b3542226f3bca9804.jpg, 0, 1, 0, 0
RL28_png.rf.d308398838d1663e2ea3e00c14db4476.jpg, 0, 1, 0, 0
healthy29_png.rf.bede4f93c7f3cb8358970a599f936a5e.jpg, 0, 0, 0, 1
RL47_png.rf.cfb8e92120113e9f34865dad1cf3347e.jpg, 0, 1, 0, 0
healthy-4_png.rf.d02de461436e7f004dcd3743ef0aa081.jpg, 0, 0, 0, 1
RR30_png.rf.d9bcc99181f2412edf176c8560e459a3.jpg, 0, 0, 1, 0
RR-6_png.rf.d44b517a4ecb2aef940d34976a9aec7b.jpg, 0, 0, 1, 0
RL-6_png.rf.dc717306fcb6abd22eacc956ee0e71ef.jpg, 0, 1, 0, 0
RR16_png.rf.dc05dd7a6af51713911a670030ec94de.jpg, 0, 0, 1, 0
healthy49_png.rf.e1069e53e45281bc489aed9f647018a5.jpg, 0, 0, 0, 1
healthy20_png.rf.d45b2686e90b61f2b7ff68f67178c15c.jpg, 0, 0, 0, 1
RR-9_png.rf.ced4b07a66bf5a0feded89a23de8d8d9.jpg, 0, 0, 1, 0
RB16_png.rf.dd84e39ce49a4adb07120f36eaa1f92a.jpg, 1, 0, 0, 0
RR23_png.rf.d5d7c7278735013d4129799aff1950a8.jpg, 0, 0, 1, 0
healthy30_png.rf.df7105faacd4484d9aef177f010770ca.jpg, 0, 0, 0, 1
RL44_png.rf.dde4c7ed1819260b3b3cc21c16991fac.jpg, 0, 1, 0, 0
RB21_png.rf.d9e05dd47ffb24bbb82e2a232b1d4693.jpg, 1, 0, 0, 0
healthy20_png.rf.dcc692649614652ca9e6504e896b5bad.jpg, 0, 0, 0, 1
RR25_png.rf.db28101e478684549aa4998734375e9d.jpg, 0, 0, 1, 0
RB29_png.rf.d9df5ebb08205945eab3913f851470a3.jpg, 1, 0, 0, 0
RB-7_png.rf.e643097f31cd8ffd3fca104b2eb56de0.jpg, 1, 0, 0, 0
RL-4_png.rf.e23a50f376775a800b07721236252cde.jpg, 0, 1, 0, 0
healthy15_png.rf.e30ca92fb49589a4340300d0f702e8ad.jpg, 0, 0, 0, 1
RB31_png.rf.d51600ae72e01a350ad266f4750e798b.jpg, 1, 0, 0, 0
RB24_png.rf.d7c8913f1c4898fa36023379388580c4.jpg, 1, 0, 0, 0
RB22_png.rf.e912473c009982f3341c8cca17ac96b5.jpg, 1, 0, 0, 0
RR31_png.rf.e4e495933a674aff295d032d1d50ff25.jpg, 0, 0, 1, 0
RR43_png.rf.e9c85184334e38b28a1b402a7f116351.jpg, 0, 0, 1, 0
RB23_png.rf.d50f452409afa4510a948a0dfe3a5f11.jpg, 1, 0, 0, 0
RB49_png.rf.d4b7d6290e5a28d26679a2d7de55fd26.jpg, 1, 0, 0, 0
RL36_png.rf.e6fd86b6c93cd7f061b64fee77752ec2.jpg, 0, 1, 0, 0
RB-9_png.rf.ed49a097601158b83d78aab883036fa9.jpg, 1, 0, 0, 0
RB13_png.rf.d76f5baa45dc7850afbb9a4b4b296940.jpg, 1, 0, 0, 0
RL25_png.rf.e5eb25dd1ad492c90ce0208d872f5bf8.jpg, 0, 1, 0, 0
RR44_png.rf.e396bfe4245dfe3637b2c927c8989954.jpg, 0, 0, 1, 0
RB35_png.rf.eb54566fb24e337bb42feab4ddd2a598.jpg, 1, 0, 0, 0
RB49_png.rf.eb84c338b06c7161e6ee17328f199c55.jpg, 1, 0, 0, 0
RB-4_png.rf.ead9ed0e22c246bf5459c1447e21fb33.jpg, 1, 0, 0, 0
RB28_png.rf.e68717e047787221570def0c72ea4634.jpg, 1, 0, 0, 0
healthy14_png.rf.ea601d224e24a3e8cf90b78ef16c85e9.jpg, 0, 0, 0, 1
RL20_png.rf.e4899885cefad3760fce3933a84cfbaf.jpg, 0, 1, 0, 0
RB29_png.rf.ed5eec216ccb2ee0d70c27297de2242a.jpg, 1, 0, 0, 0
RL-7_png.rf.eb7ac0611b209de8248f8b3b21f48b03.jpg, 0, 1, 0, 0
RL26_png.rf.ea86449df37e8f8f6fe1f4b60c0fd3c6.jpg, 0, 1, 0, 0
RB41_png.rf.eb5ef308878eb9e4b9f0430d4fe1ee1e.jpg, 1, 0, 0, 0
RR-2_png.rf.ee05076dacd2db0bb948dbaee08d0643.jpg, 0, 0, 1, 0
healthy48_png.rf.e6f5d71c7e983c5b047b0ed0c41440e9.jpg, 0, 0, 0, 1
healthy50_png.rf.f60b53aecb049cf2ec17cb10bc5d420f.jpg, 0, 0, 0, 1
RB10_png.rf.f002eba6c844a4c45502a7ce50e32dc8.jpg, 1, 0, 0, 0
RB13_png.rf.f210694550db29497ef47662d0109dab.jpg, 1, 0, 0, 0
RR27_png.rf.ee02f086b7407ac6286d77d9b55807c7.jpg, 0, 0, 1, 0
RL17_png.rf.f2edba4fc2621671ac12c687b67a7b62.jpg, 0, 1, 0, 0
RB35_png.rf.ef488c3bdff152e3ba43e8f0daa32135.jpg, 1, 0, 0, 0
RL-7_png.rf.f91424adb14b7d191fd63e26ebd11f43.jpg, 0, 1, 0, 0
RB21_png.rf.fd0f0d1323f383fdb09c7489386fba0b.jpg, 1, 0, 0, 0
RB15_png.rf.fc1cd7ad927aa35db319cea0db240fa9.jpg, 1, 0, 0, 0
RB50_png.rf.ef4c5b40ae610a22db21d70e37be1d0f.jpg, 1, 0, 0, 0
RR35_png.rf.ee19739545b344f1887a255775e649b0.jpg, 0, 0, 1, 0
healthy-2_png.rf.ed1d9866024292eb295c341afc99b779.jpg, 0, 0, 0, 1
healthy39_png.rf.f67a2854383d90b77df8c0541b7f847e.jpg, 0, 0, 0, 1
healthy32_png.rf.f76c11ace90cd689944272a5ddee9f52.jpg, 0, 0, 0, 1
RL42_png.rf.fc420ee4285843a33798fa8d7acaba67.jpg, 0, 1, 0, 0
RR34_png.rf.f2e51b907038eb5e0e688379c12d3184.jpg, 0, 0, 1, 0
RL27_png.rf.ff5d76f1aa4c4fc110cc4c7ded3d4faf.jpg, 0, 1, 0, 0
healthy25_png.rf.f35f55e25242070e5762421018d3a482.jpg, 0, 0, 0, 1
RB45_png.rf.ff7c96f846aa751c8860750ba2271e7e.jpg, 1, 0, 0, 0
healthy49_png.rf.fbf141e6eaa98825652a9253e8b9d804.jpg, 0, 0, 0, 1
RR23_png.rf.f0d36f61871ba8c0a1d686d67b513e50.jpg, 0, 0, 1, 0
healthy21_png.rf.f28c8d3ea7007f4784a8160a829eee38.jpg, 0, 0, 0, 1
RB-4_png.rf.f914e70a029dea3e86bf5ef376b31970.jpg, 1, 0, 0, 0
RB-8_png.rf.ffaf0668257122d04f7d3150ea63e74e.jpg, 1, 0, 0, 0
RL41_png.rf.fd37f067116a968e200a70ddd219d0ba.jpg, 0, 1, 0, 0
RB-4_png.rf.fcb835717553b9d31721ba8caff6c81a.jpg, 1, 0, 0, 0